Searches,Results
Mg,7.341444759745994
Std,13.509102661219046
alpha,0.5434442941070603
