Searches,Results
Mg,5.0126964075
Std,14.759929018
alpha,0.3396152109801427
